aid,sex,feedingInterval,name,weight,originCountry,dob,enclosureID,speciesName
1,F,12,MaIVp,244651.9,LBR,1975-8-3,1,AAAAAAAAAAAAAAAAAAAA
2,M,08,OcWPXU,77.73,ZMB,1996-2-21,2,AAAAAAAAAAAAAAAAAAAB
3,F,13,UxdfVO,8626969.6,LUX,2010-7-27,3,AAAAAAAAAAAAAAAAAAAC
4,F,17,dLritl,57004.14,MWI,1939-8-20,4,AAAAAAAAAAAAAAAAAAAD
5,F,09,wOJICEq,78022.8,ROU,1954-12-10,5,AAAAAAAAAAAAAAAAAAAE
6,M,13,qdyCVj,971305.49,NOR,1943-6-12,6,AAAAAAAAAAAAAAAAAAAF
7,F,08,Uo,39338.4,PAK,1969-3-16,7,AAAAAAAAAAAAAAAAAAAG
8,M,19,pA,855.7,TLS,1977-7-17,8,AAAAAAAAAAAAAAAAAAAH
9,M,07,yxcNSrLX,088321.9,ETH,1963-8-13,9,AAAAAAAAAAAAAAAAAAAI
10,M,20,qRspA,42347.90,PAK,2009-2-11,10,AAAAAAAAAAAAAAAAAAAJ
11,F,03,eAnmnrt,7212.81,GUF,1972-8-12,11,AAAAAAAAAAAAAAAAAAAK
12,M,21,q,9.4,HUN,1959-6-2,12,AAAAAAAAAAAAAAAAAAAL
13,M,05,FnPwb,27094042.90,SWZ,1998-11-26,13,AAAAAAAAAAAAAAAAAAAM
14,M,07,imJ,462705.93,FIN,1999-10-5,14,AAAAAAAAAAAAAAAAAAAN
15,F,21,bxLKNrTe,1747847.6,IDN,1965-2-23,15,AAAAAAAAAAAAAAAAAAAO
16,M,21,hmqGdEc,2361.40,NOR,1988-12-11,16,AAAAAAAAAAAAAAAAAAAP
17,F,22,QStFwwt,327272.8,BLM,1965-6-6,17,AAAAAAAAAAAAAAAAAAAQ
18,M,13,z,4208278.7,NIU,2001-11-21,18,AAAAAAAAAAAAAAAAAAAR
19,F,06,awDlYH,04467793.8,CCK,1927-4-13,19,AAAAAAAAAAAAAAAAAAAS
20,F,15,oYUlVMDA,922.58,PSE,1984-10-7,20,AAAAAAAAAAAAAAAAAAAT
21,M,12,ebKtLPq,94.8,MYT,2011-10-27,1,AAAAAAAAAAAAAAAAAAAA
22,M,04,wsZWBLT,63.67,MYT,1988-6-11,2,AAAAAAAAAAAAAAAAAAAB
23,F,08,MeQw,759.7,CHN,1940-9-14,3,AAAAAAAAAAAAAAAAAAAC
24,F,23,vYuiILPh,2.0,ASM,2017-11-17,4,AAAAAAAAAAAAAAAAAAAD
25,F,04,oBB,972.7,SLV,2004-2-25,5,AAAAAAAAAAAAAAAAAAAE
26,M,16,nTvWuJO,77997.92,EST,2014-1-4,6,AAAAAAAAAAAAAAAAAAAF
27,F,06,dzQJQz,38.8,BEN,1971-8-16,7,AAAAAAAAAAAAAAAAAAAG
28,M,23,bKWqefc,2977959.21,LUX,1940-11-13,8,AAAAAAAAAAAAAAAAAAAH
29,M,02,JcPkk,15654251.4,IRL,2019-12-8,9,AAAAAAAAAAAAAAAAAAAI
30,M,13,ZuGuh,8169.30,SXM,1941-12-11,10,AAAAAAAAAAAAAAAAAAAJ