latinName,commonName,requiredBiome,speciesGroup
AAAAAAAAAAAAAAAAAAAA,yYYrcqHZqwBwZkA,2,AAAAAAAAAA
AAAAAAAAAAAAAAAAAAAB,TuCehVx,6,AAAAAAAAAB
AAAAAAAAAAAAAAAAAAAC,iFyNhdwK,74,AAAAAAAAAC
AAAAAAAAAAAAAAAAAAAD,AjvfR,180,AAAAAAAAAD
AAAAAAAAAAAAAAAAAAAE,wlLRduEjRNGnxtIahAwHSz,6822,AAAAAAAAAE
AAAAAAAAAAAAAAAAAAAF,bTowYSZZcvrnnSV,3292,AAAAAAAAAF
AAAAAAAAAAAAAAAAAAAG,rtUAJWDbcsOaY,671,AAAAAAAAAG
AAAAAAAAAAAAAAAAAAAH,QCNoi,464,AAAAAAAAAH
AAAAAAAAAAAAAAAAAAAI,P,180,AAAAAAAAAI
AAAAAAAAAAAAAAAAAAAJ,YmYarthBhexziZqQDgiJpkHcPj,403,AAAAAAAAAJ
AAAAAAAAAAAAAAAAAAAK,IWbk,671,AAAAAAAAAK
AAAAAAAAAAAAAAAAAAAL,LcAxGMpYqIgTEAvcm,180,AAAAAAAAAA
AAAAAAAAAAAAAAAAAAAM,lsFmOFLbBrvRrKGbQlohwQMoUjN,2,AAAAAAAAAB
AAAAAAAAAAAAAAAAAAAN,EqeTTdOLCpBIRamEPhRwBpg,671,AAAAAAAAAC
AAAAAAAAAAAAAAAAAAAO,qFrCmBLTBidtkJfcTYC,403,AAAAAAAAAD
AAAAAAAAAAAAAAAAAAAP,qoq,2,AAAAAAAAAE
AAAAAAAAAAAAAAAAAAAQ,ObltSxQHkbcaaUnOKzybbPFs,807,AAAAAAAAAF
AAAAAAAAAAAAAAAAAAAR,aTlZVQbOFAvgqV,74,AAAAAAAAAG
AAAAAAAAAAAAAAAAAAAS,UBeZCM,716,AAAAAAAAAH
AAAAAAAAAAAAAAAAAAAT,ffLlLYnTTAKjCYSgXgiEqqvWgKIgJ,04,AAAAAAAAAI